{
    "Tempo de vida - 10\u00ba componente": 0.028130864283303136,
    "Tempo de vida - mediana": 0.07061893566230992,
    "Tempo de vida - media": 0.09990249416328834,
    "Tempo de vida - desvio padr\u00e3o": 0.09884053949388401,
    "Tempo de vida - vari\u00e2ncia": 0.009769452247442044,
    "Tempo de vida - percentil95": 0.29694019024828433
}