{
    "Tempo de vida - 10\u00ba componente": 572.3436373394798,
    "Tempo de vida - mediana": 719.632123483314,
    "Tempo de vida - media": 1008.3210028386164,
    "Tempo de vida - desvio padr\u00e3o": 1106.7935388117164,
    "Tempo de vida - vari\u00e2ncia": 1224991.9375553625,
    "Tempo de vida - percentil95": 2587.2750873910168
}