{
    "Custo de manuten\u00e7\u00e3o - 10\u00ba componente": 9.698792740042547,
    "Custo de manuten\u00e7\u00e3o - media": 9.019365321371035,
    "Custo de manuten\u00e7\u00e3o - mediana": 9.260969027628983,
    "Custo de manuten\u00e7\u00e3o - desvio padr\u00e3o": 0.8817600181539365,
    "Custo de manuten\u00e7\u00e3o - vari\u00e2ncia": 0.7775007296148303,
    "Custo - percentil95": 9.943514634635532
}