{
    "X": [
        180.4620589380312,
        220.34085516121613,
        440.294514228041,
        467.63665554734484,
        580.8490982565961,
        714.5325687111969,
        1029.3690743698246,
        1765.1258368094423,
        1920.6566314461727,
        2433.4179291720775
    ],
    "Tk": [
        0.00206006916595926,
        0.00206006916595926,
        0.004575375731726568,
        0.009601568816521557,
        0.014939886802221839,
        0.021570584270904445,
        0.029727348753908974,
        0.04147813727411245,
        0.061627975593854946,
        0.08355327960579756
    ],
    "cost": [
        9.980399527720433,
        9.980399527720433,
        9.956519794343874,
        9.908973311764095,
        9.85872282580108,
        9.796661647247728,
        9.720852615564379,
        9.61267081835514,
        9.429959321512852,
        9.235091679415188
    ],
    "mean": 9.748025106944521,
    "variance": 0.06392391920550948,
    "mode": 9.980399527720433,
    "stdev": 0.25283180022597923
}