{
    "Xn": {
        "Sample": [
            54.664924656047226,
            99.57263562423415,
            215.28674776087357,
            263.8857671972446,
            418.306091436253,
            521.1230293800548,
            588.5932064144218,
            755.8454113235765,
            1096.153917948781,
            1362.592104779405
        ],
        "mean": 537.6023836520892,
        "mode": 0,
        "median": 469.71456040815394,
        "variance": 184580.87986001428,
        "stdev": 429.6287698234538
    },
    "Tn": {
        "Sample": [
            0.0006240288202745117,
            0.0006240288202745117,
            0.0017607027429255863,
            0.004218314018734646,
            0.007230708621442917,
            0.012005892313637585,
            0.017954785343090265,
            0.024673885872935265,
            0.03330225814831856,
            0.04581543072764255
        ],
        "mean": 0.01482100354292764,
        "mode": 0,
        "median": 0.009618300467540251,
        "variance": 0.00024008280664339403,
        "stdev": 0.015494605727265022
    },
    "Cn": {
        "Sample": [
            9.994058634069203,
            9.994058634069203,
            9.983245453886324,
            9.9599061720123,
            9.931372676800164,
            9.886309386750728,
            9.830455761510512,
            9.7677501109827,
            9.68781254300043,
            9.573045122247429
        ],
        "mean": 9.8608014495329,
        "mode": 9.994058634069203,
        "median": 9.994058634069203,
        "variance": 0.020918718413742286,
        "stdev": 0.1446330474467792
    }
}